feature,mean_abs_shap
policyholder_tenure_years,0.69175035
claim_amount,0.35382745
claim_to_deductible_ratio,0.24692118
claim_type_renters,0.1486665
claim_type_auto,0.10337022
claim_type_business,0.09126886
claim_amount_log,0.07515659
claim_type_home,0.0515153
claim_type_property,0.035288174
deductible,0.029278131
filing_delay_days,0.011529018
previous_claims_count,0.0034388436
state_TX,0.0029135882
state_IL,0.0014363582
state_NY,0.0013776966
state_CA,0.0012929403
state_TN,0.0012778037
state_OH,0.0011243544
state_GA,0.0010818453
state_NC,0.0009832085
state_WA,0.0009240619
state_MN,0.00088476454
state_MA,0.00087754626
state_MO,0.0008311726
state_NJ,0.00081419264
state_PA,0.00077517267
state_CO,0.00077278825
state_IN,0.0007205104
state_MD,0.0006603907
state_NE,0.00063163624
state_UT,0.0006198152
state_AZ,0.0006112639
state_FL,0.0006052412
state_AR,0.0005384615
state_SC,0.0005029444
state_IA,0.00048817397
state_KY,0.00048767414
state_LA,0.00047724694
state_CT,0.00047530272
state_WI,0.0004631492
state_MI,0.0004502529
state_VA,0.0004411641
state_NV,0.00037948965
state_NM,0.00037294644
state_AL,0.0003164283
state_KS,0.00030474158
state_HI,0.000287718
state_OR,0.000285719
state_OK,0.0002645406
state_MS,0.0001300497
state_WV,9.852502e-05
state_ID,5.545164e-05
claim_type_nan,0.0
state_nan,0.0
