feature,mean_abs_shap
policyholder_tenure_years,0.7171997
claim_amount,0.36765563
claim_to_deductible_ratio,0.26019254
claim_type_renters,0.1805594
claim_type_auto,0.124789745
claim_type_business,0.09082158
claim_amount_log,0.06487391
claim_type_property,0.03928597
claim_type_home,0.036098078
deductible,0.027827347
filing_delay_days,0.012509128
previous_claims_count,0.006242909
state_NY,0.0038353035
state_TX,0.0032835358
state_FL,0.0018441515
state_CA,0.0018354802
state_WV,0.00181973
state_PA,0.001662221
state_IN,0.0014486923
state_IL,0.0014035555
state_OK,0.0013594883
state_NC,0.0013015951
state_GA,0.0011210768
state_NJ,0.0010650062
state_MI,0.0010446148
state_OR,0.0010292906
state_TN,0.0010063532
state_MS,0.0009711846
state_LA,0.00093649066
state_CT,0.00072773977
state_IA,0.00069812156
state_WA,0.0006975633
state_NV,0.00069265306
state_MA,0.0006799687
state_CO,0.000637921
state_NE,0.0006184834
state_AL,0.0006178554
state_SC,0.0005348233
state_VA,0.0005276758
state_OH,0.0005131917
state_MN,0.00050718436
state_AZ,0.0004924684
state_MO,0.00039421147
state_MD,0.00038031608
state_NM,0.0003734966
state_HI,0.00036683746
state_WI,0.00035572986
state_KY,0.0003467951
state_AR,0.00030444912
state_UT,0.00025067932
state_KS,0.00019579145
state_ID,5.5721233e-05
claim_type_nan,0.0
state_nan,0.0
